RYSZARD;NOWAK;54;POLAND
ADAM;KOWALSKI;22;POLAND
ALEKSANDRA;DESKA;32;POLAND
WERONIKA;WYSOCKA;35;POLAND
ALEKSANDER;KRUZEL;44;POLAND
ROBERT;PRZYBYLSKI;30;POLAND
ANNA;KWIATKOWSKA;31;POLAND
KLAUDIA;KOZIUK;55;POLAND
ROBERT;MATUSIEWICZ;23;POLAND
ZYGMUNT;PIETRZAK;74;POLAND
ZUZANNA;BOGACZ;63;POLAND
BEATA;RACZEK;68;POLAND
MARIAN;GIL;25;POLAND
IWONA;KUR;42;POLAND
BARBARA;FURTAK;33;POLAND
MATEUSZ;GABOR;39;POLAND
JAKUB;GRZYB;18;POLAND
MAREK;MICHTA;19;POLAND
JUDYTA;PLICHTA;66;POLAND
DOROTA;WOJTECZEK;36;POLAND
MAGDALENA;KISIEL;37;POLAND
MARCIN;MARCHEWKA;39;POLAND
TERESA;GRDUK;45;POLAND
WOJCIECH;KNAFEL;33;POLAND
TOMASZ;NOWICKI;32;POLAND
THOMAS;KLOSE;25;GERMANY
KLAUS;MEYER;52;GERMANY
MIROSLAV;DRAXLER;43;GERMANY
MICHEAL;KIMMICH;34;GERMANY
MANUEL;HUMMELS;38;GERMANY
LUKAS;MULLER;28;GERMANY
ROMAN;HORN;19;GERMANY
MARCO;HECTOR;20;GERMANY
FELIX;PASSLACK;28;GERMANY
HELGA;MERKEL;34;GERMANY
BEATE;MUSTAFI;33;GERMANY
ANGELA;REUS;36;GERMANY
DORIS;WEIDENFELLER;41;GERMANY
DAGMAR;MULLER;42;GERMANY
HANNAH;NEUER;44;GERMANY
SANDRA;PASSLACK;31;GERMANY
JACK;BUTLAND;24;UNITED KINGDOM
AARON;WALKER;22;UNITED KINGDOM
JACK;SMITH;29;UNITED KINGDOM
CHARLIE;BOND;27;UNITED KINGDOM
ALEXANDER;DANIELS;31;UNITED KINGDOM
BEN;SMITH;33;UNITED KINGDOM
ADAM;BEAN;38;UNITED KINGDOM
HARRY;ADAMS;35;UNITED KINGDOM
KIERAN;BLACK;30;UNITED KINGDOM
KIERAN;VARDY;41;UNITED KINGDOM
GARETH;DRINKWATER;46;UNITED KINGDOM
THEO;LAMPARD;49;UNITED KINGDOM
ALEX;ADAM;52;UNITED KINGDOM
JOE;CHAMBERLAIN;56;UNITED KINGDOM
JOSH;PIETERS;52;UNITED KINGDOM
CAMILLA;WALKER;25;UNITED KINGDOM
EVA;WALKER;29;UNITED KINGDOM
GARBRIELLE;TRIPPIER;36;UNITED KINGDOM
KAREN;ALLI;32;UNITED KINGDOM
LAUREN;KANE;21;UNITED KINGDOM
MATHA;WILSHERE;26;UNITED KINGDOM
ZOE;RAMSEY;24;UNITED KINGDOM
INIGO;MARTINEZ;36;SPAIN
MARCO;ASENSIO;30;SPAIN
BERNARDO;SILVA;25;SPAIN
DAVID;RAMOS;44;SPAIN
SANTIAGO;CAZORLA;39;SPAIN
XAVIER;HERNANDEZ;51;SPAIN
EMANUELLA;GOMEZ;37;SPAIN
GIORGIO;TAGLIATELLI;26;ITALY
LEONARDO;PROSCIUTTO;19;ITALY
LEONARDO;MARGHERITA;24;ITALY
BERNADETTA;PESTO;35;ITALY
LORENZO;OLIVIA;39;ITALY
EMMANUEL;INSIGNE;41;ITALY
MARIO;VITOLO;44;ITALY
ANTOINE;GIROUD;24;FRANCE
PAUL;CROISSANT;42;FRANCE
ERIC;BAGUETTE;62;FRANCE
PIERRE;PASTA;34;FRANCE
ALEXANDRE;SANSONE;83;FRANCE
OLIVIER;MANSON;23;FRANCE
BLAISE;SIDIBE;32;FRANCE
MURIEL;PARTE;30;FRANCE
LAURE;MARTIE;37;FRANCE
BEATRICE;BONBON;65;FRANCE
CORALIE;MATUIDI;47;FRANCE
ALBERTO;MORENO;25;PORTUGAL
RICARDO;PEREIRA;30;PORTUGAL
JAMES;RODRIGUEZ;22;PORTUGAL
GRANIT;XHAKA;28;SWITZERLAND
XHERDAN;RODRIGUEZ;33;SWITZERLAND
KLAUS;KLUIVERT;26;NETHERLANDS
THIBAUT;COURTOIS;39;BELGIUM
OHCHAN;KWON;35;SOUTH KOREA
PARK;SUNG;25;SOUTH KOREA
HEUNG;WONG;28;SOUTH KOREA
MIN;WANG;21;SOUTH KOREA
OHCHAN;BANG;36;SOUTH KOREA
TAO;MING;26;CHINA
SUN;TZU;38;CHINA
MENG;ZI;33;CHINA
ASUMO;ATAKO;25;JAPAN
KINKO;ZINKO;29;JAPAN
BENEDICT;BEAN;44;USA
RAKIM;ROCKY;45;USA
BOB;BENTLEY;33;USA
ASHLEY;WILLIAMS;33;WALES
GARETH;BALE;29;WALES
ALEX;FERGUSON;77;SCOTLAND